<?xml version="1.0" encoding="UTF-8"?>
<rss version="2.0" xmlns:ror="http://rorweb.com/0.1/" >
<channel>
  <title>ROR Sitemap for http://www.solidsourcedesign.com/</title>
  <link>http://www.solidsourcedesign.com/</link>

<item>
     <link>http://www.solidsourcedesign.com/</link>
     <title>Web design and development that performs - Solid Source Design</title>
     <description>Your website says a lot about your organization. Get yours built right or get professional support for your existing site. Request a call from us today.</description>
     <ror:updatePeriod>monthly</ror:updatePeriod>
     <ror:sortOrder>0</ror:sortOrder>
     <ror:resourceOf>sitemap</ror:resourceOf>
</item>
<item>
     <link>http://www.solidsourcedesign.com/portfolio/index.php</link>
     <title>Examples of quality web development and design - Solid Source Design</title>
     <description>Review our portfolio and see the breadth of services we offer for companies in all stages of development. Request a call from us to discuss your project.</description>
     <ror:updatePeriod>monthly</ror:updatePeriod>
     <ror:sortOrder>1</ror:sortOrder>
     <ror:resourceOf>sitemap</ror:resourceOf>
</item>
<item>
     <link>http://www.solidsourcedesign.com/web_design/index.php</link>
     <title>Web design for performance and beauty - Solid Source Design</title>
     <description>Get a custom fusion of beauty and function to get your site to stand out. Or use prebuilt templates for affordability Request a call from us today.</description>
     <ror:updatePeriod>monthly</ror:updatePeriod>
     <ror:sortOrder>1</ror:sortOrder>
     <ror:resourceOf>sitemap</ror:resourceOf>
</item>
<item>
     <link>http://www.solidsourcedesign.com/web_development/index.php</link>
     <title>Fundamental features of quality web development - Solid Source Design</title>
     <description>Websites that perform reliably for as many site visitors as possible ensure a high return on investment. Request a call from us to discuss your project today.</description>
     <ror:updatePeriod>monthly</ror:updatePeriod>
     <ror:sortOrder>1</ror:sortOrder>
     <ror:resourceOf>sitemap</ror:resourceOf>
</item>
<item>
     <link>http://www.solidsourcedesign.com/about/index.php</link>
     <title>Reliable, beautiful, quality websites - About Solid Source Design</title>
     <description>Top quality service does exist! Let us become your partner in building your web presence. Request a call from us to discuss your project today.</description>
     <ror:updatePeriod>monthly</ror:updatePeriod>
     <ror:sortOrder>1</ror:sortOrder>
     <ror:resourceOf>sitemap</ror:resourceOf>
</item>
<item>
     <link>http://www.solidsourcedesign.com/contact/index.php</link>
     <title>Best service in web design - Contact Solid Source Design</title>
     <description>We're available for big and small projects offering professional website design, development, repair, updates, and redesigns. Request a call from us today.</description>
     <ror:updatePeriod>monthly</ror:updatePeriod>
     <ror:sortOrder>1</ror:sortOrder>
     <ror:resourceOf>sitemap</ror:resourceOf>
</item>
<item>
     <link>http://www.solidsourcedesign.com/sitemap/sitemap.php</link>
     <title>Solid Source Design Sitemap</title>
     <description>Your website says a lot about your organization. Get yours built right or get professional support for your existing site. Request a call from us today.</description>
     <ror:updatePeriod>monthly</ror:updatePeriod>
     <ror:sortOrder>1</ror:sortOrder>
     <ror:resourceOf>sitemap</ror:resourceOf>
</item>
</channel>
</rss>
  